Technique,MAE,RMSE,R2_Score,Mean_Relative_Error,Perfect_Predictions,Perfect_Percentage,Close_Predictions,Close_Percentage,Acceptable_Predictions,Acceptable_Percentage,Fibonacci_Compliance_Percentage,Mean_Actual_Points,Mean_Predicted_Points,Prediction_Bias,Total_Tasks_Evaluated
chain_of_thought,1.45,1.7748239349298849,-3.7727272727272734,0.5583333333333333,3,15.0,3,15.0,12,60.0,100.0,2.8,3.25,0.4500000000000002,20
few_shots2,0.5,0.7071067811865476,0.24242424242424243,0.2,10,50.0,10,50.0,20,100.0,100.0,2.8,2.9,0.10000000000000009,20
few_shot_cot,1.3,1.5811388300841898,-2.787878787878788,0.4749999999999999,4,20.0,4,20.0,14,70.0,100.0,2.8,3.1,0.30000000000000027,20
meta_prompting,1.5,1.7888543819998317,-3.8484848484848486,0.575,2,10.0,2,10.0,12,60.0,100.0,2.8,3.4,0.6000000000000001,20
reflexion,0.65,0.9219544457292888,-0.28787878787878785,0.30833333333333335,9,45.0,9,45.0,18,90.0,100.0,2.8,3.05,0.25,20
self_consistency,0.55,0.8660254037844386,-0.13636363636363646,0.2625,11,55.00000000000001,11,55.00000000000001,19,95.0,100.0,2.8,2.85,0.050000000000000266,20
tree_of_thought,0.6,0.8366600265340756,-0.06060606060606055,0.3,9,45.0,9,45.0,19,95.0,100.0,2.8,3.0,0.20000000000000018,20
zero_shots,0.95,1.2449899597988732,-1.3484848484848486,0.35,6,30.0,6,30.0,18,90.0,100.0,2.8,2.45,-0.34999999999999964,20
