{
  "zero_shot": {
    "technique_name": "zero_shot",
    "semantic_similarity": {
      "mean_similarity": 0.6918280395373652,
      "std_similarity": 0.17232107381488226,
      "median_similarity": 0.7154751609537664,
      "excellent_percentage": 52.716793702194735,
      "good_percentage": 33.92179567704845,
      "fair_percentage": 20.86938832629416,
      "poor_percentage": 14.219218196852704,
      "total_comparisons": 50
    },
    "overlap_metrics": {
      "bleu": {
        "mean": 0.35500215104453337,
        "std": 0.10297972194380704,
        "median": 0.33812042953274957
      },
      "rouge": {
        "mean": 0.45500586367382384,
        "std": 0.17053552881033623,
        "median": 0.4265980218548557
      },
      "meteor": {
        "mean": 0.3748877724278435,
        "std": 0.1749884437779523
      },
      "word_overlap": {
        "mean": 0.4621965005703385,
        "std": 0.15204406220406969
      }
    },
    "task_statistics": {
      "expected_tasks": {
        "mean": 5.142825094201454,
        "total": 210
      },
      "predicted_tasks": {
        "mean": 5.621137681111442,
        "total": 210
      },
      "count_ratios": {
        "mean": 1.059441818496468
      },
      "exact_predictions": 13,
      "over_predictions": 19,
      "under_predictions": 12,
      "total_stories": 50
    },
    "summary": {
      "dataset_info": {
        "total_test_stories": 50,
        "processed_stories": 50,
        "coverage": 1.0
      }
    }
  },
  "few_shot": {
    "technique_name": "few_shot",
    "semantic_similarity": {
      "mean_similarity": 0.6645941286322766,
      "std_similarity": 0.18799273006373374,
      "median_similarity": 0.6504920666807394,
      "excellent_percentage": 43.33852731280709,
      "good_percentage": 27.64520867222013,
      "fair_percentage": 20.434504429230973,
      "poor_percentage": 14.594248796718425,
      "total_comparisons": 50
    },
    "overlap_metrics": {
      "bleu": {
        "mean": 0.5826988258013047,
        "std": 0.11248261628532094,
        "median": 0.6080365481229943
      },
      "rouge": {
        "mean": 0.4204420553039697,
        "std": 0.1278800198078458,
        "median": 0.4080327521883953
      },
      "meteor": {
        "mean": 0.5144344205020815,
        "std": 0.19854517479368067
      },
      "word_overlap": {
        "mean": 0.39830365949068597,
        "std": 0.149228859025666
      }
    },
    "task_statistics": {
      "expected_tasks": {
        "mean": 4.311288238117986,
        "total": 239
      },
      "predicted_tasks": {
        "mean": 5.655364017892861,
        "total": 200
      },
      "count_ratios": {
        "mean": 1.1065953163045439
      },
      "exact_predictions": 9,
      "over_predictions": 21,
      "under_predictions": 14,
      "total_stories": 50
    },
    "summary": {
      "dataset_info": {
        "total_test_stories": 50,
        "processed_stories": 50,
        "coverage": 1.0
      }
    }
  },
  "chain_of_thought": {
    "technique_name": "chain_of_thought",
    "semantic_similarity": {
      "mean_similarity": 0.6360230907105306,
      "std_similarity": 0.18552707002275215,
      "median_similarity": 0.6530406081483,
      "excellent_percentage": 47.63871534022409,
      "good_percentage": 31.835476655366673,
      "fair_percentage": 20.714025095785484,
      "poor_percentage": 16.349782881970604,
      "total_comparisons": 50
    },
    "overlap_metrics": {
      "bleu": {
        "mean": 0.5168220853281501,
        "std": 0.15341398770297082,
        "median": 0.5015107408372357
      },
      "rouge": {
        "mean": 0.43253081943121696,
        "std": 0.16622602118511157,
        "median": 0.4187276890382736
      },
      "meteor": {
        "mean": 0.5172155703418053,
        "std": 0.1788161958433313
      },
      "word_overlap": {
        "mean": 0.38766924726646,
        "std": 0.16242827344153218
      }
    },
    "task_statistics": {
      "expected_tasks": {
        "mean": 5.429301724147796,
        "total": 217
      },
      "predicted_tasks": {
        "mean": 4.349715372713851,
        "total": 194
      },
      "count_ratios": {
        "mean": 1.0915137402313642
      },
      "exact_predictions": 14,
      "over_predictions": 19,
      "under_predictions": 11,
      "total_stories": 50
    },
    "summary": {
      "dataset_info": {
        "total_test_stories": 50,
        "processed_stories": 50,
        "coverage": 1.0
      }
    }
  },
  "tree_of_thought": {
    "technique_name": "tree_of_thought",
    "semantic_similarity": {
      "mean_similarity": 0.6232948530758979,
      "std_similarity": 0.18146778807984779,
      "median_similarity": 0.638838719605386,
      "excellent_percentage": 40.242123328803075,
      "good_percentage": 34.14547589740543,
      "fair_percentage": 24.588518525873987,
      "poor_percentage": 12.648801664980525,
      "total_comparisons": 50
    },
    "overlap_metrics": {
      "bleu": {
        "mean": 0.5885819428670109,
        "std": 0.12466275076939835,
        "median": 0.5922640309168
      },
      "rouge": {
        "mean": 0.5752735252945338,
        "std": 0.14627416085229353,
        "median": 0.5803486847079462
      },
      "meteor": {
        "mean": 0.62171002244102,
        "std": 0.14994005051403972
      },
      "word_overlap": {
        "mean": 0.5303648467596991,
        "std": 0.22975376064951103
      }
    },
    "task_statistics": {
      "expected_tasks": {
        "mean": 5.015242069882343,
        "total": 221
      },
      "predicted_tasks": {
        "mean": 5.613877178080971,
        "total": 300
      },
      "count_ratios": {
        "mean": 0.8828947391051977
      },
      "exact_predictions": 18,
      "over_predictions": 17,
      "under_predictions": 20,
      "total_stories": 50
    },
    "summary": {
      "dataset_info": {
        "total_test_stories": 50,
        "processed_stories": 50,
        "coverage": 1.0
      }
    }
  },
  "self_consistency": {
    "technique_name": "self_consistency",
    "semantic_similarity": {
      "mean_similarity": 0.7066479900399052,
      "std_similarity": 0.24961213802400967,
      "median_similarity": 0.7095594245498189,
      "excellent_percentage": 60.08636655626289,
      "good_percentage": 33.60779702234498,
      "fair_percentage": 20.114810219428197,
      "poor_percentage": 17.207218193601946,
      "total_comparisons": 50
    },
    "overlap_metrics": {
      "bleu": {
        "mean": 0.36270554123039145,
        "std": 0.1681710369026575,
        "median": 0.36492376105491914
      },
      "rouge": {
        "mean": 0.5463238573013074,
        "std": 0.14668251899525428,
        "median": 0.5547815652160959
      },
      "meteor": {
        "mean": 0.41566991662543706,
        "std": 0.1534765250669105
      },
      "word_overlap": {
        "mean": 0.5389196503139804,
        "std": 0.225381592752108
      }
    },
    "task_statistics": {
      "expected_tasks": {
        "mean": 5.6013647046051105,
        "total": 243
      },
      "predicted_tasks": {
        "mean": 6.132531437288275,
        "total": 287
      },
      "count_ratios": {
        "mean": 0.9035955641590394
      },
      "exact_predictions": 9,
      "over_predictions": 25,
      "under_predictions": 14,
      "total_stories": 50
    },
    "summary": {
      "dataset_info": {
        "total_test_stories": 50,
        "processed_stories": 50,
        "coverage": 1.0
      }
    }
  }
}