Agent,F1_Score,Precision,Recall,Jaccard_Similarity,Exact_Match_Rate,Perfect_Predictions,Perfect_Percentage,Excellent_Predictions,Excellent_Percentage,Good_Predictions,Good_Percentage,Skill_Coverage_Rate,Skill_Precision_Rate,Total_Actual_Skills,Total_Predicted_Skills,BLEU_Score,ROUGE_Score,METEOR_Score,Semantic_Similarity,Mean_Actual_Skills_Per_Task,Mean_Predicted_Skills_Per_Task,Prediction_Bias,Total_Tasks_Evaluated
chain_of_thought,0.038571428571428576,0.03214285714285714,0.05,0.025555555555555554,0.0,0,0.0,0,0.0,0,0.0,0.07894736842105263,0.3,38,10,0.010146803383242515,0.05,0.02804851635260992,0.20626255869865417,3.0,1.7,-1.3,20
few_shots2,0.0,0.0,0.0,0.0,0.0,0,0.0,0,0.0,0,0.0,0.0,0.0,38,0,0.0,0.0,0.0,0.0,3.0,0.0,-3.0,20
few_shot_cot,0.02,0.025,0.016666666666666666,0.0125,0.0,0,0.0,0,0.0,0,0.0,0.02631578947368421,0.3333333333333333,38,3,0.004534874413872948,0.016666666666666666,0.005208333333333333,0.1868710219860077,3.0,1.05,-1.95,20
meta_prompting,0.0,0.0,0.0,0.0,0.0,0,0.0,0,0.0,0,0.0,0.0,0.0,38,7,0.0,0.0,0.08309333529650105,0.32747840881347656,3.0,2.35,-0.6499999999999999,20
reflexion,0.0,0.0,0.0,0.0,0.0,0,0.0,0,0.0,0,0.0,0.0,0.0,38,1,0.0,0.0,0.0,0.1691943109035492,3.0,1.0,-2.0,20
self_consistency,0.0,0.0,0.0,0.0,0.0,0,0.0,0,0.0,0,0.0,0.0,0.0,38,10,0.0,0.0,0.004464285714285715,0.188786119222641,3.0,1.5,-1.5,20
tree_of_thought,0.0,0.0,0.0,0.0,0.0,0,0.0,0,0.0,0,0.0,0.0,0.0,38,0,0.0,0.0,0.0,0.0,3.0,0.0,-3.0,20
zero_shots,0.0,0.0,0.0,0.0,0.0,0,0.0,0,0.0,0,0.0,0.0,0.0,38,0,0.0,0.0,0.0,0.0,3.0,0.0,-3.0,20
